Name,Ticker,Sub-Sector
5Paisa Capital Ltd,5PAISA,Diversified Financials
A F Enterprises Ltd,AFEL,Investment Banking & Brokerage
A K Capital Services Ltd,AKCAPIT,Investment Banking & Brokerage
AAR Shyam India Investment Company Ltd,AARSHYAM,Investment Banking & Brokerage
AD- Manum Finance Ltd,ADMANUM,Specialized Finance
APM Finvest Ltd,MUFIN,Diversified Financials
AU Small Finance Bank Ltd,AUBANK,Consumer Finance
Aarnav Fashions Ltd,AARNAV,Investment Banking & Brokerage
Aastamangalam Finance Ltd,AASTAFIN,Consumer Finance
Aavas Financiers Ltd,AAVAS,Home Financing
Abate As Industries Ltd,TRIJAL,Investment Banking & Brokerage
Abhijit Trading Co Ltd,ABHIJIT,Investment Banking & Brokerage
Abhinav Capital Services Ltd,ABHICAP,Diversified Financials
Abhishek Finlease Ltd,ABHIFIN,Consumer Finance
Ace men engg works Ltd,ACEMEN,Diversified Financials
Acme Resources Ltd,ACME,Diversified Financials
Adharshila Capital Services Ltd,ADHARSHILA,Diversified Financials
Adinath Exim Resources Ltd,ADIEXRE,Consumer Finance
Aditya Birla Capital Ltd,ABCAPITAL,Diversified Financials
Aditya Birla Money Limited,BIRLAMONEY,Investment Banking & Brokerage
Aditya Birla Sun Life Amc Ltd,ABSLAMC,Asset Management
Ajcon Global Services Ltd,AJCON,Diversified Financials
Akashdeep Metal Industries Ltd,AKASHDEEP,Diversified Financials
Alacrity Securities Ltd,ALSL,Investment Banking & Brokerage
Alankit Ltd,ALANKIT,Investment Banking & Brokerage
Alexander Stamps and Coin Ltd,ALEXANDER,Diversified Financials
Almondz Global Securities Ltd,ALMONDZ,Investment Banking & Brokerage
Amarnath Securities Ltd,AMARSEC,Investment Banking & Brokerage
Amforge Industries Ltd,AMFORG,Consumer Finance
Amrapali Capital and Finance Services Ltd,ACFSL,Investment Banking & Brokerage
Amrapali Fincap Ltd,AMRAFIN,Diversified Financials
Anand Rathi Wealth Ltd,ANANDRATHI,Asset Management
Aneri Fincap Ltd,ANERI,Specialized Finance
Angel One Limited,ANGELONE,Investment Banking & Brokerage
Anjani Finance Ltd,ANJANIFIN,Diversified Financials
Apex Capital and Finance Ltd,ACFL,Consumer Finance
Apollo Finvest (India) Ltd,APOLLOFI,Diversified Financials
Apoorva Leasing Finance and Investment Company Ltd,APOORVA,Diversified Financials
Aptus Value Housing Finance India Ltd,APTUS,Home Financing
Aravali Securities and Finance Ltd,ARAVALIS,Investment Banking & Brokerage
Arihant Capital Markets Ltd,ARIHANTCAP,Diversified Financials
Arihant's Securities Ltd,ARISE,Diversified Financials
Arman Financial Services Ltd,ARMANFIN,Consumer Finance
Arman Holdings Ltd,ARMAN,Diversified Financials
Arnold Holdings Ltd,ARNOLD,Diversified Financials
Arunis Abode Ltd,ARUNIS,Diversified Financials
Aryaman Capital Markets Ltd,ARYACAPM,Diversified Financials
Aryaman Financial Services Ltd,ARYAMAN,Investment Banking & Brokerage
Aryan Share & Stock Brokers Ltd,ARYAN,Investment Banking & Brokerage
Ascom Leasing & Investments Ltd,ASCOM,Consumer Finance
Ashiana Agro Industries Ltd,ASHAI,Investment Banking & Brokerage
Ashika Credit Capital Ltd,ASHIKACR,Diversified Financials
Ashirwad Capital Ltd,ASHCAP,Diversified Financials
Asia Capital Ltd,ASIACAP,Investment Banking & Brokerage
Asit C Mehta Financial Services Ltd,ASITCFIN,Diversified Financials
Asutosh Enterprises Ltd,ASUTENT,Investment Banking & Brokerage
Avonmore Capital & Management Services Ltd,AVONMORE,Investment Banking & Brokerage
Axis Bank Limited,AXISBANK,Private Banks
B P Capital Ltd,BPCAP,Investment Banking & Brokerage
BAMPSL Securities Ltd,BAMPSL,Diversified Financials
BF Investment Ltd,BFINVEST,Asset Management
BFL Asset Finvest Ltd,BFLAFL,Investment Banking & Brokerage
BLB Ltd,BLBLIMITED,Investment Banking & Brokerage
BSE Ltd,BSE,Stock Exchanges & Ratings
Bajaj Finance Limited,BAJFINANCE,Consumer Finance
Bajaj Finserv Ltd,BAJAJFINSV,Insurance
Bajaj Global Ltd,BAJGLOB,Consumer Finance
Bajaj Holdings & Investment Limited,BAJAJHLDNG,Asset Management
Bandhan Bank Ltd,BANDHANBNK,Private Banks
Bank of Baroda Ltd,BANKBARODA,Public Banks
Bank of India Ltd,BANKINDIA,Public Banks
Bank of Maharashtra Ltd,MAHABANK,Public Banks
Bartronics India Ltd,BARTRONICS,Payment Infrastructure
Bazel International Ltd,BAZELINTER,Investment Banking & Brokerage
Bengal & Assam Company Ltd,BENGALASM,Diversified Financials
Bervin Investment and Leasing Ltd,BERVINL,Diversified Financials
Beryl Securities Ltd,BERYLSE,Diversified Financials
Bharat Bhushan Finance And Commodity Brokers Ltd,BHARAT,Diversified Financials
Blue Chip India Ltd,BLUECHIP,Asset Management
BlueBlood Ventures Ltd,BVL,Investment Banking & Brokerage
Bridge Securities Ltd,BRIDGESE,Investment Banking & Brokerage
Brijlaxmi Leasing and Finance Ltd,BRIJLEAS,Investment Banking & Brokerage
Brilliant Portfolios Ltd,BRIPORT,Investment Banking & Brokerage
CARE Ratings Limited,CARERATING,Stock Exchanges & Ratings
CNI Research Ltd,CNIRESLTD,Diversified Financials
CRISIL Limited,CRISIL,Stock Exchanges & Ratings
CSB Bank Ltd,CSBBANK,Private Banks
CSL Finance Ltd,CSLFINANCE,Specialized Finance
Can Fin Homes Ltd,CANFINHOME,Home Financing
Canara Bank Ltd,CANBK,Public Banks
Canopy Finance Ltd,CANOPYFIN,Investment Banking & Brokerage
Capital India Finance Ltd,CIFL,Diversified Financials
Capital Trade Links Ltd,CTL,Consumer Finance
Capital Trust Ltd,CAPTRUST,Consumer Finance
Capri Global Capital Limited,CGCL,Consumer Finance
Ceejay Finance Ltd,CEEJAY,Consumer Finance
Central Bank of India Ltd,CENTRALBK,Public Banks
Central Depository Services (India) Ltd,CDSL,Stock Exchanges & Ratings
Centrum Capital Ltd,CENTRUM,Diversified Financials
Charms Industries Ltd,CHARMS,Consumer Finance
Chartered Capital and Investment Ltd,CHRTEDCA,Investment Banking & Brokerage
Choice International Ltd,CHOICEIN,Investment Banking & Brokerage
Cholamandalam Financial Holdings Limited,CHOLAHLDNG,Diversified Financials
Cholamandalam Investment and Finance Company Limited,CHOLAFIN,Consumer Finance
Cindrella Financial Services Ltd,CINDRELL,Diversified Financials
Citi Port Financial Services Ltd,CITIPOR,Diversified Financials
City Union Bank Ltd,CUB,Private Banks
Classic Global Finance and Capital Ltd,CCFCL,Investment Banking & Brokerage
Classic Leasing & Finance Ltd,CLFL,Diversified Financials
Clio Infotech Ltd,CLIOINFO,Consumer Finance
Comfort Fincap Ltd,COMFINCAP,Diversified Financials
Comfort Intech Ltd,COMFINTE,Consumer Finance
Computer Age Management Services Ltd,CAMS,Diversified Financials
Confidence Finance and Trading Ltd,CONFINT,Investment Banking & Brokerage
Consecutive Investments & Trading Co Ltd,CITL,Investment Banking & Brokerage
Consolidated Finvest & Holdings Ltd,CONSOFINVT,Asset Management
Continental Securities Ltd,CSL,Investment Banking & Brokerage
Corporate Merchant Bankers Ltd,CMBL,Investment Banking & Brokerage
Cox & Kings Financial Service Ltd,CKFSL,Diversified Financials
CreditAccess Grameen Ltd,CREDITACC,Consumer Finance
Crest Ventures Limited,CREST,Asset Management
DB (International) Stock Brokers Ltd,DBSTOCKBRO,Investment Banking & Brokerage
DCB BANK LIMITED,DCBBANK,Private Banks
DCM Financial Services Ltd,DCMFINSERV,Consumer Finance
Dalal Street Investments Ltd,DSINVEST,Investment Banking & Brokerage
Daulat Securities Ltd,DAULAT,Investment Banking & Brokerage
Decillion Finance Ltd,DFL,Investment Banking & Brokerage
Dhani Services Limited,DHANI,Investment Banking & Brokerage
Dhanlaxmi Bank Limited,DHANBANK,Private Banks
Dhanvarsha Finvest Ltd,DHANVARSHA,Consumer Finance
Dharani Finance Ltd,DHARFIN,Diversified Financials
Dhruva Capital Services Ltd,DHRUVCA,Specialized Finance
Dhunseri Investments Ltd,DHUNINV,Asset Management
Dolat Algotech Limited,DOLATALGO,Investment Banking & Brokerage
Dynamic Archistructures Ltd,DAL,Diversified Financials
Dynavision Ltd,DYNAVSN,Diversified Financials
Edelweiss Financial Services Limited,EDELWEISS,Diversified Financials
Eiko Lifesciences Ltd,EIKO,Diversified Financials
Ekam Leasing and Finance Co Ltd,EKAMLEA,Investment Banking & Brokerage
Elcid Investments Ltd,ELCIDIN,Investment Banking & Brokerage
Elitecon International Ltd,ELITECON,Investment Banking & Brokerage
Elixir Capital Ltd,ELIXIR,Diversified Financials
Emkay Global Financial Services Limited,EMKAY,Investment Banking & Brokerage
Enbee Trade and Finance Ltd,ENBETRD,Specialized Finance
Equitas Holdings Ltd,EQUITAS,Consumer Finance
Equitas Small Finance Bank Ltd,EQUITASBNK,Private Banks
Esaar (India) Ltd,ESARIND,Diversified Financials
Essar Securities Ltd,ESSARSEC,Investment Banking & Brokerage
Explicit Finance Ltd,EXPLICITFIN,Investment Banking & Brokerage
F Mec International Financial Services Ltd,FMEC,Consumer Finance
Federal Bank Ltd,FEDERALBNK,Private Banks
Finkurve Financial Services Ltd,FINKURVE,Diversified Financials
Fino Payments Bank Ltd,FINOPB,Private Banks
First Custodian Fund (India) Ltd,1STCUS,Investment Banking & Brokerage
Flomic Global Logistics Ltd,FLOMIC,Diversified Financials
Franklin Industries Ltd,FRANKLININD,Investment Banking & Brokerage
Franklin Leasing and Finance Ltd,FRANKLIN,Diversified Financials
Frontier Capital Ltd,FRONTCAP,Diversified Financials
Fruition venture Ltd,FRUTION,Investment Banking & Brokerage
Futuristic Securities Ltd,FUTURSEC,Investment Banking & Brokerage
Futuristic Solutions Ltd,FUTSOL,Diversified Financials
G D L Leasing and Finance Ltd,GDLLEAS,Diversified Financials
G K Consultants Ltd,GKCONS,Diversified Financials
GCM Capital Advisors Ltd,GCMCAPI,Investment Banking & Brokerage
GCM Commodity & Derivatives Ltd,GCMCOMM,Investment Banking & Brokerage
GCM Securities Ltd,GCMSECU,Investment Banking & Brokerage
GIC Housing Finance Ltd,GICHSGFIN,Home Financing
GSB Finance Ltd,GSBFIN,Investment Banking & Brokerage
GSL Securities Ltd,GSLSEC,Diversified Financials
Gajanan Securities Services Ltd,GAJANANSEC,Investment Banking & Brokerage
Galada Finance Ltd,GALADAFIN,Investment Banking & Brokerage
Ganesh Holdings Ltd,GANHOLD,Investment Banking & Brokerage
Ganges Securities Ltd,GANGESSECU,Diversified Financials
Gemstone Investments Ltd,GEMSI,Consumer Finance
General Insurance Corporation of India,GICRE,Insurance
Geojit Financial Services Limited,GEOJITFSL,Investment Banking & Brokerage
Global Capital Markets Ltd,GLOBALCA,Diversified Financials
Goenka Business & Finance Ltd,GBFL,Diversified Financials
Gogia Capital Services Ltd,GOGIACAP,Diversified Financials
Gold Line International Finvest Ltd,GOLDLINE,Diversified Financials
Gold Rock Investments Ltd,ZGOLDINV,Investment Banking & Brokerage
Goldcrest Corporation Ltd,GOLDCORP,Diversified Financials
Golechha Global Finance Ltd,GOLECHA,Diversified Financials
Gowra Leasing and Finance Ltd,GOWRALE,Consumer Finance
Gujarat Investa Ltd,GUJINV,Diversified Financials
Gujarat Lease Financing Ltd,GLFL,Consumer Finance
Gujarat State Financial Corp,GUJSTATFIN,Specialized Finance
HB Leasing and Finance Co Ltd,HBLEAS,Diversified Financials
HB Portfolio Ltd,HBPOR,Diversified Financials
HB Stockholdings Ltd,HBSL,Investment Banking & Brokerage
HDFC Asset Management Company Ltd,HDFCAMC,Asset Management
HDFC Bank Ltd,HDFCBANK,Private Banks
HDFC Life Insurance Company Limited,HDFCLIFE,Insurance
Harmony Capital Services Ltd,HRMNYCP,Investment Banking & Brokerage
Haryana Capfin Ltd,HARYNACAP,Consumer Finance
Healthy Investments Ltd,HEALINV,Specialized Finance
Helpage Finlease Ltd,HELPAGE,Diversified Financials
Home First Finance Company India Ltd,HOMEFIRST,Home Financing
Housing Development Finance Corporation Ltd,HDFC,Home Financing
Housing and Urban Development Corporation Ltd,HUDCO,Specialized Finance
ICDS Ltd,ICDSLTD,Diversified Financials
ICICI Bank Limited,ICICIBANK,Private Banks
ICICI Lombard General Insurance Company Ltd,ICICIGI,Insurance
ICICI Prudential Life Insurance Company Ltd,ICICIPRULI,Insurance
ICICI Securities Ltd,ISEC,Investment Banking & Brokerage
ICRA Ltd,ICRA,Stock Exchanges & Ratings
IDBI Bank Limited,IDBI,Public Banks
Idfc First Bank Limited,IDFCFIRSTB,Private Banks
IDFC Limited,IDFC,Diversified Financials
IFCI Limited,IFCI,Specialized Finance
IIFL Finance Limited,IIFL,Investment Banking & Brokerage
IIFL Securities Ltd,IIFLSEC,Diversified Financials
IIFL Wealth Management Ltd,IIFLWAM,Asset Management
IL&FS Investment Managers Limited,IVC,Asset Management
ISF Ltd,ISFL,Specialized Finance
Ind Bank Housing Ltd,INDBNK,Consumer Finance
Indbank Merchant Banking Services Ltd,INDBANK,Investment Banking & Brokerage
Indergiri Finance Ltd,INDERGR,Diversified Financials
India Finsec Ltd,IFINSEC,Diversified Financials
India Home Loan Ltd,INDIAHOME,Home Financing
India Lease Development Ltd,INDLEASE,Specialized Finance
Indiabulls Housing Finance Ltd,IBULHSGFIN,Home Financing
Indian Bank,INDIANB,Public Banks
Indian Infotech and Software Ltd,INDINFO,Consumer Finance
Indian Overseas Bank,IOB,Public Banks
Indian Railway Finance Corp Ltd,IRFC,Specialized Finance
Indianivesh Ltd,INDIANVSH,Diversified Financials
Inditrade Capital Ltd,INDICAP,Consumer Finance
Indo Asia Finance Ltd,INDOASIAF,Diversified Financials
Indo Thai Securities Ltd,INDOTHAI,Investment Banking & Brokerage
Indo-City Infotech Ltd,INDOCITY,Diversified Financials
IndoStar Capital Finance Ltd,INDOSTAR,Consumer Finance
Indusind Bank Ltd,INDUSINDBK,Private Banks
Industrial Investment Trust Ltd,IITL,Asset Management
Industrial and Prudential Investment Co Ltd,INDPRUD,Investment Banking & Brokerage
Intec Capital Ltd,INTECCAP,Specialized Finance
Integra Capital Management Ltd,INTCAPM,Diversified Financials
Inter Globe Finance Ltd,INTRGLB,Investment Banking & Brokerage
Interactive Financial Services Ltd,IFINSER,Investment Banking & Brokerage
Inventure Growth & Securities Ltd,INVENTURE,Investment Banking & Brokerage
The Investment Trust Of India Limited,THEINVEST,Investment Banking & Brokerage
Ishwarshakti Holding & Traders Ltd,ISHWATR,Specialized Finance
Isl Consulting Ltd,ISLCONSUL,Investment Banking & Brokerage
J J Finance Corporation Ltd,JJFINCOR,Diversified Financials
JM Financial Ltd,JMFINANCIL,Investment Banking & Brokerage
JSW Holdings Limited,JSWHL,Asset Management
Jagsonpal Finance and Leasing Ltd,JAGSONFI,Investment Banking & Brokerage
Jainco Projects (India) Ltd,JAINCO,Consumer Finance
Jammu and Kashmir Bank Ltd,J&KBANK,Private Banks
Jayabharat Credit Ltd,JAYBHCR,Specialized Finance
Jaykay Enterprises Ltd,JAYKAY,Investment Banking & Brokerage
Jhaveri Credits and Capital Ltd,JHACC,Investment Banking & Brokerage
Jindal Capital Ltd,JINDCAP,Diversified Financials
Jindal Leasefin Ltd,JLL,Investment Banking & Brokerage
Jindal Poly Investment and Finance Company Ltd,JPOLYINVST,Asset Management
Joindre Capital Services Ltd,JOINDRE,Investment Banking & Brokerage
Jumbo Finance Ltd,JUMBFNL,Investment Banking & Brokerage
K Z Leasing and Finance Ltd,KZLFIN,Consumer Finance
KBS India Ltd,KBSINDIA,Investment Banking & Brokerage
KD Leisures Ltd,KDLL,Diversified Financials
Kalyani Commercials Ltd,KALYANI,Consumer Finance
Kalyani Investment Company Ltd,KICL,Asset Management
Karnataka Bank Ltd,KTKBANK,Private Banks
Karnavati Finance Ltd,KARNAVATI,Consumer Finance
Kartik Investments Trust Ltd,KARTKIN,Diversified Financials
Karur Vysya Bank Ltd,KARURVYSYA,Private Banks
Keynote Financial Services Limited,KEYFINSERV,Investment Banking & Brokerage
Khandwala Securities Ltd,KHANDSE,Investment Banking & Brokerage
Khoobsurat Ltd,KHOOBSURAT,Investment Banking & Brokerage
Kiduja India Ltd,KIDUJA,Investment Banking & Brokerage
Kifs Financial Services Ltd,KIFS,Specialized Finance
Kinetic Trust Ltd,KINETRU,Investment Banking & Brokerage
Kiran Vyapar Ltd,KIRANVYPAR,Diversified Financials
Kirloskar Industries Limited,KIRLOSIND,Investment Banking & Brokerage
Kotak Mahindra Bank Limited,KOTAKBANK,Private Banks
Kovalam Investment and Trading Co Ltd,ZKOVALIN,Investment Banking & Brokerage
Krishna Capital and Securities Ltd,KRISHNACAP,Investment Banking & Brokerage
L&T Finance Holdings Ltd,L&TFH,Diversified Financials
LIC Housing Finance Ltd,LICHSGFIN,Home Financing
LKP Finance Ltd,LKPFIN,Investment Banking & Brokerage
LKP Securities Ltd,LKPSEC,Diversified Financials
Ladderup Finance Ltd,LADDERUP,Investment Banking & Brokerage
Lakshmi Finance and Industrial Corp Ltd,LFIC,Diversified Financials
Le Lavoir Ltd,LELAVOIR,Diversified Financials
Lead Financial Services Ltd,LEADFIN,Diversified Financials
Leading Leasing Finance and Investment Company Ltd,LLFICL,Diversified Financials
Leena Consultancy Ltd,ZLEENCON,Investment Banking & Brokerage
Lerthai Finance Ltd,LERTHAI,Diversified Financials
Libord Finance Ltd,LIBORDFIN,Diversified Financials
Libord Securities Ltd,LIBORD,Investment Banking & Brokerage
Life Insurance Corporation Of India,LICI,Insurance
Lohia Securities Ltd,LOHIASEC,Investment Banking & Brokerage
MAS Financial Services Ltd,MASFIN,Diversified Financials
MY Money Securities Ltd,MYMONEY,Investment Banking & Brokerage
Madhusudan Securities Ltd,MADHUSE,Investment Banking & Brokerage
Magnanimous Trade & Finance Ltd,MAGANTR,Investment Banking & Brokerage
Maha Rashtra Apex Corporation Ltd,MAHAPEXLTD,Consumer Finance
Mahashree Trading Ltd,MAHSHRE,Diversified Financials
Mahindra and Mahindra Financial Services Ltd,M&MFIN,Consumer Finance
Manappuram Finance Limited,MANAPPURAM,Consumer Finance
Mangal Credit and Fincorp Ltd,MANCREDIT,Consumer Finance
Mangalam Industrial Finance Ltd,MANGIND,Diversified Financials
Marg Techno-Projects Ltd,MTPL,Diversified Financials
Margo Finance Ltd,MARGOFIN,Diversified Financials
Market Creators Ltd,MKTCREAT,Investment Banking & Brokerage
Maruti Securities Ltd,MARUTISE,Investment Banking & Brokerage
Mask Investments Ltd,MASKINVEST,Investment Banking & Brokerage
Master Trust Ltd,MASTERTR,Diversified Financials
Max Financial Services Limited,MFSL,Insurance
McDowell Holdings Ltd,MCDHOLDING,Asset Management
Meenakshi Enterprises Ltd,MEL,Diversified Financials
Mega Corp Ltd,MEGACOR,Diversified Financials
Mega Fin (India) Ltd,MEGFI,Diversified Financials
Mehta Housing Finance Ltd,MEHTAHG,Investment Banking & Brokerage
Mehta Integrated Finance Ltd,MEHIF,Diversified Financials
Mehta Securities Ltd,MEHSECU,Investment Banking & Brokerage
Mercury Trade Links Ltd,MERCTRD,Investment Banking & Brokerage
Microse India Ltd,MICROSE,Investment Banking & Brokerage
Mideast Portfolio Management Ltd,MIDEASTP,Investment Banking & Brokerage
Milgrey Finance and Investments Ltd,ZMILGFIN,Investment Banking & Brokerage
Minolta Finance Ltd,MINOLTAF,Diversified Financials
Modern Shares and Stockbrokers Ltd,MODRNSH,Investment Banking & Brokerage
Monarch Networth Capital Ltd,MONARCH,Investment Banking & Brokerage
Money Masters Leasing and Finance Ltd,MMLF,Diversified Financials
Moneyboxx Finance Ltd,MONEYBOXX,Diversified Financials
Monotype India Ltd,MONOT,Diversified Financials
Moongipa Capital Finance Ltd,MONGIPA,Consumer Finance
Motilal Oswal Financial Services Ltd,MOTILALOFS,Diversified Financials
Mrugesh Trading Ltd,MRUTR,Diversified Financials
E-Land Apparel Limited,ELAND,Diversified Financials
Mukesh Babu Financial Services Ltd,MUKESHB,Diversified Financials
Multi Commodity Exchange of India Ltd,MCX,Stock Exchanges & Ratings
Multiplus Holdings Ltd,MULTIIN,Investment Banking & Brokerage
Munoth Capital Market Ltd,MUNCAPM,Asset Management
Munoth Financial Services Ltd,MUNOTHFI,Investment Banking & Brokerage
Muthoot Capital Services Ltd,MUTHOOTCAP,Diversified Financials
Muthoot Finance Ltd,MUTHOOTFIN,Consumer Finance
NBI Industrial Finance Company Ltd,NBIFIN,Diversified Financials
Naga Dhunseri Group Ltd,NDGL,Investment Banking & Brokerage
Nagreeka Capital & Infrastructure Ltd,NAGREEKCAP,Asset Management
Nahar Capital and Financial Services Ltd,NAHARCAP,Asset Management
Nalin Lease Finance Ltd,NLFL,Consumer Finance
Nalwa Sons Investments Limited,NSIL,Asset Management
Nam Securities Ltd,NAM,Investment Banking & Brokerage
Navigant Corporate Advisors Ltd,NAVIGANT,Investment Banking & Brokerage
Naysaa Securities Ltd,NAYSAA,Investment Banking & Brokerage
Neil Industries Ltd,NEIL,Diversified Financials
New India Assurance Company Ltd,NIACL,Insurance
Nidhi Granites Ltd,NIDHGRN,Investment Banking & Brokerage
Nikki Global Finance Ltd,NIKKIGL,Diversified Financials
Nilkanth Engineering Ltd,ZNILKENG,Diversified Financials
Nippon Life India Asset Management Limited,NAM-INDIA,Asset Management
Nivi Trading Ltd,ZNIVITRD,Investment Banking & Brokerage
Niyogin Fintech Ltd,NIYOGIN,Diversified Financials
Oasis Securities Ltd,OASISEC,Diversified Financials
Octal Credit Capital Ltd,OCTAL,Diversified Financials
Onelife Capital Advisors Ltd,ONELIFECAP,Investment Banking & Brokerage
Oswal Leasing Ltd,OSWALEA,Investment Banking & Brokerage
P H Capital Ltd,PHCAP,Investment Banking & Brokerage
PNB Housing Finance Ltd,PNBHOUSING,Home Financing
PTC India Financial Services Ltd,PFS,Specialized Finance
Pacheli Industrial Finance Ltd,PIFL,Home Financing
Paisalo Digital Limited,PAISALO,Consumer Finance
Palash Securities Ltd,PALASHSECU,Diversified Financials
Pan India Corp Ltd,PANINDIAC,Diversified Financials
Panafic Industrials Ltd,PANAFIC,Diversified Financials
Pankaj Piyush Trade and Investment Ltd,PANKAJPIYUS,Investment Banking & Brokerage
Paragon Finance Ltd,PARAGONF,Consumer Finance
Paul Merchants Ltd,PML,Consumer Finance
People's Investment Ltd,PEOPLIN,Diversified Financials
Pilani Investment And Industries Corporation Ltd,PILANIINVS,Asset Management
Pioneer Investcorp Ltd,PIONRINV,Investment Banking & Brokerage
Piramal Enterprises Limited,PEL,Diversified Financials
Pmc Fincorp Ltd,PMCFIN,Diversified Financials
Pnb Gilts Ltd,PNBGILTS,Investment Banking & Brokerage
Polytex India Ltd,POLYTEX,Diversified Financials
Poonawalla Fincorp Limited,POONAWALLA,Consumer Finance
Power Finance Corporation Ltd,PFC,Specialized Finance
Prime Securities Ltd,PRIMESECU,Investment Banking & Brokerage
Prism Finance Ltd,PRISMFN,Diversified Financials
Prithvi Exchange (India) Ltd,PRITHVIEXCH,Investment Banking & Brokerage
Prudent Corporate Advisory Services Ltd,PRUDENT,Asset Management
Pulsar International Ltd,PULSRIN,Asset Management
Punjab & Sind Bank,PSB,Public Banks
Punjab National Bank,PNB,Public Banks
Pyxis Finvest Ltd,PYXISFIN,Diversified Financials
Qgo Finance Ltd,QGO,Consumer Finance
Quest Capital Markets Ltd,QUESTCAP,Investment Banking & Brokerage
R R Securities Ltd,RRSECUR,Consumer Finance
RBL Bank Ltd,RBLBANK,Private Banks
REC Limited,RECLTD,Specialized Finance
RSD Finance Ltd,RSDFIN,Diversified Financials
Rail Vikas Nigam Ltd,RVNL,Specialized Finance
Rajath Finance Ltd,RAJATH,Diversified Financials
Rajkot Investment Trust Ltd,RAJKOTINV,Investment Banking & Brokerage
Rajputana Investment & Finance Ltd,RAJPUTANA,Investment Banking & Brokerage
Ramchandra Leasing and Finance Ltd,RLFL,Diversified Financials
Ramsons Projects Ltd,RAMSONS,Diversified Financials
Rapid Investments Ltd,RAPIDIN,Diversified Financials
Real Touch Finance Ltd,RTFL,Diversified Financials
Regal Entertainement and Consultants Ltd,REGAL,Diversified Financials
Regency Trust Ltd,REGTRUS,Investment Banking & Brokerage
Reliance Capital Ltd,RELCAPITAL,Diversified Financials
Reliance Home Finance Ltd,RHFL,Home Financing
Relic Technologies Ltd,RELICTEC,Diversified Financials
Religare Enterprises Ltd,RELIGARE,Investment Banking & Brokerage
Repco Home Finance Ltd,REPCOHOME,Consumer Finance
Rich Universe Network Ltd,RICHUNV,Diversified Financials
Richfield Financial Services Ltd,RFSL,Investment Banking & Brokerage
Richirich Inventures Ltd,RICHIRICH,Diversified Financials
Roselabs Finance Ltd,ROSELABS,Diversified Financials
S P Capital Financing Ltd,SPCAPIT,Diversified Financials
S R G Securities Finance Ltd,SRGSFL,Consumer Finance
S V Trading and Agencies Ltd,ZSVTRADI,Investment Banking & Brokerage
SBI Cards and Payment Services Ltd,SBICARD,Payment Infrastructure
SBI Life Insurance Company Ltd,SBILIFE,Insurance
SKP Securities Ltd,SKPSEC,Investment Banking & Brokerage
SMC Global Securities Ltd,SMCGLOBAL,Investment Banking & Brokerage
SMIFS Capital Markets Ltd,SMIFS,Investment Banking & Brokerage
SPA Capital Advisors Limited,SPACAPS,Diversified Financials
SPS Finquest Ltd,SPS,Diversified Financials
SPV Global Trading Ltd,SPVGLOBAL,Investment Banking & Brokerage
SRG Housing Finance Ltd,SRGHFL,Consumer Finance
SSPN Finance Ltd,SSPNFIN,Diversified Financials
Stel Holdings Limited,STEL,Asset Management
SW Investments Ltd,SW1,Consumer Finance
Sahara Housingfina Corporation Ltd,SAHARAHOUS,Home Financing
Sai Capital Ltd,SAICAPI,Investment Banking & Brokerage
Sainik Finance and Industries Ltd,SAINIK,Specialized Finance
Sakthi Finance Ltd,SAKTHIFIN,Consumer Finance
Salem Erode Investments Ltd,SALEM,Investment Banking & Brokerage
Sarthak Global Ltd,SARTHAKGL,Investment Banking & Brokerage
Sarvottam Finvest Ltd,SARVOTTAM,Investment Banking & Brokerage
Sastasundar Ventures Limited,SASTASUNDR,Diversified Financials
Satin Creditcare Network Ltd,SATIN,Consumer Finance
Satyam Silk Mills Ltd,ZSATYASL,Investment Banking & Brokerage
Saumya Consultants Ltd,SAUMYA,Diversified Financials
Savani Financials Ltd,SAVFI,Diversified Financials
Shalibhadra Finance Ltd,SAHLIBHFI,Diversified Financials
Shardul Securities Ltd,SHARDUL,Investment Banking & Brokerage
Share India Securities Ltd,SHAREINDIA,Investment Banking & Brokerage
Shiv Kamal Impex Ltd,SHIVKAMAL,Diversified Financials
Shivansh Finserve Ltd,SHIVA,Investment Banking & Brokerage
Shree Salasar Investments Ltd,SALSAIN,Investment Banking & Brokerage
Shree Worstex Ltd,SHWL,Diversified Financials
Shreevatsaa Finance and Leasing Ltd,SHVFL,Diversified Financials
Shri Kalyan Holdings Ltd,SHKALYN,Investment Banking & Brokerage
Shri Niwas Leasing and Finance Ltd,SHRINIWAS,Diversified Financials
Shriram Asset Management Co Ltd,SRAMSET,Asset Management
Shriram City Union Finance Ltd,SHRIRAMCIT,Consumer Finance
Shriram Transport Finance Company Ltd,SRTRANSFIN,Consumer Finance
Siddha Ventures Ltd,SIDDHA,Investment Banking & Brokerage
Siddheswari Garments Ltd,SIDDHEGA,Investment Banking & Brokerage
Siel Financial Services Ltd,SIELFNS,Specialized Finance
SIL Investments Limited,SILINV,Diversified Financials
Sita Enterprises Ltd,SITAENT,Diversified Financials
Sobhaygya Mercantile Ltd,SOBME,Diversified Financials
Som Datt Finance Corporation Ltd,SODFC,Diversified Financials
Sonal Mercantile Ltd,SONAL,Diversified Financials
South Indian Bank Ltd,SOUTHBANK,Private Banks
Spandana Sphoorty Financial Ltd,SPANDANA,Consumer Finance
SREI Infrastructure Finance Limited,SREINFRA,Specialized Finance
Srestha Finvest Ltd,SRESTHA,Diversified Financials
Sri Amarnath Finance Ltd,AMARNATH,Investment Banking & Brokerage
Stampede Capital Ltd,STAMPEDE,Investment Banking & Brokerage
Stampede Capital Ltd - DVR,SCAPDVR,Investment Banking & Brokerage
Standard Batteries Ltd,STDBAT,Diversified Financials
Standard Capital Markets Ltd,STANCAP,Consumer Finance
Stanrose Mafatlal Investments and Finance Ltd,STANROS,Asset Management
Star Health and Allied Insurance Company Ltd,STARHEALTH,Insurance
Star Housing Finance Ltd,STARHFL,Home Financing
Starteck Finance Ltd,STARTECK,Diversified Financials
State Bank of India,SBIN,Public Banks
Steel City Securities Ltd,STEELCITY,Investment Banking & Brokerage
Stellant Securities (India) Ltd,STELLANT,Investment Banking & Brokerage
Step Two Corporation Ltd,STEP2COR,Investment Banking & Brokerage
Stephanotis Finance Ltd,STEPHANOTIS,Specialized Finance
Sterling Guaranty & Finance Ltd,STRLGUA,Diversified Financials
Suchitra Finance & Trading Co Ltd,SUCHITRA,Specialized Finance
Sugal and Damani Share Brokers Ltd,SUGALDAM,Investment Banking & Brokerage
Sujala Trading & Holdings Ltd,SUJALA,Diversified Financials
Sulabh Engineers and Services Ltd,SULABEN,Specialized Finance
Sumedha Fiscal Services Ltd,SUMEDHA,Investment Banking & Brokerage
Summit Securities Ltd,SUMMITSEC,Asset Management
Sundaram Finance Holdings Ltd,SUNDARMHLD,Diversified Financials
Sundaram Finance Ltd,SUNDARMFIN,Consumer Finance
Sungold Capital Ltd,SUNGOLD,Diversified Financials
Sunrise Industrial Traders Ltd,SUNRINV,Diversified Financials
Suryakrupa Finance Ltd,SURYAKR,Consumer Finance
Suryoday Small Finance Bank Ltd,SURYODAY,Private Banks
Swarna Securities Ltd,SWRNASE,Investment Banking & Brokerage
Swastik Safe Deposit and Investments Ltd,ZSWASTSA,Diversified Financials
Swastika Investmart Ltd,SWASTIKA,Diversified Financials
Systematix Corporate Services Ltd,SYSTMTXC,Diversified Financials
Systematix Securities Ltd,SYTIXSE,Diversified Financials
TCFC Finance Ltd,TCFCFINQ,Investment Banking & Brokerage
TRC Financial Services Ltd,TRCFIN,Diversified Financials
TTI Enterprise Ltd,TTIENT,Diversified Financials
Tashi India Ltd,TASHIND,Diversified Financials
Tata Investment Corporation Limited,TATAINVEST,Asset Management
Tci Finance Ltd,TCIFINANCE,Diversified Financials
Thirani Projects Ltd,TPROJECT,Investment Banking & Brokerage
Tilak Ventures Ltd,TILAK,Diversified Financials
Times Guaranty Ltd,TIMESGTY,Investment Banking & Brokerage
Tourism Finance Corporation of India Ltd,TFCILTD,Specialized Finance
Toyam Industries Ltd,TOYAMIND,Diversified Financials
Transcorp International Ltd,TRANSCOR,Consumer Finance
Transwarranty Finance Ltd,TFL,Diversified Financials
Twentyfirst Century Management Services Ltd,21STCENMGM,Investment Banking & Brokerage
Typhoon Financial Services Ltd,TFSL,Diversified Financials
U Y Fincorp Ltd,UYFINCORP,Diversified Financials
UCO Bank,UCOBANK,Public Banks
UTI Asset Management Company Ltd,UTIAMC,Asset Management
Ugro Capital Ltd,UGROCAP,Investment Banking & Brokerage
Ujjivan Financial Services Ltd,UJJIVAN,Consumer Finance
Ujjivan Small Finance Bank Ltd,UJJIVANSFB,Private Banks
Unijolly Investments Company Ltd,UNIJOLL,Investment Banking & Brokerage
Union Bank of India Ltd,UNIONBANK,Public Banks
Upsurge Investment and Finance Ltd,UPSURGE,Diversified Financials
Ushakiran Finance Ltd,USHAKIRA,Diversified Financials
V B Desai Financial Services Ltd,VBDESAI,Investment Banking & Brokerage
V L S Finance Ltd,VLSFINANCE,Investment Banking & Brokerage
VB Industries Ltd,VBIND,Diversified Financials
Vani Commercials Ltd,VANICOM,Investment Banking & Brokerage
Vardhman Holdings Limited,VHL,Diversified Financials
Ventura Guaranty Ltd,SHYAM,Diversified Financials
Vibrant Global Capital Ltd,VGCL,Diversified Financials
Viji Finance Ltd,VIJIFIN,Specialized Finance
Vikalp Securities Ltd,VIKALPS,Investment Banking & Brokerage
Vintage Coffee and Beverages Ltd,VINCOFE,Investment Banking & Brokerage
Vintage Securities Ltd,VINTAGES,Consumer Finance
Vishvprabha Ventures Ltd,VISVEN,Investment Banking & Brokerage
Wall Street Finance Ltd,WSFIN,Diversified Financials
Wallfort Financial Services Ltd,WALLFORT,Investment Banking & Brokerage
Wealth First Portfolio Managers Ltd,WEALTH,Diversified Financials
Welspun Investments and Commercials Ltd,WELINV,Diversified Financials
West Leisure Resorts Ltd,WESTLEIRES,Diversified Financials
Williamson Magor and Co Ltd,WILLAMAGOR,Specialized Finance
Winro Commercial (India) Ltd,WINROC,Diversified Financials
Yes Bank Ltd,YESBANK,Private Banks
Yuranus Infrastructure Ltd,YURANUS,Diversified Financials
